id;imagem;imagem_content_type;data;descricao;status;video
1;../fake-data/blob/hipster.png;image/png;2022-05-06T00:08:49;back Sudanese;true;orange Loti THX
2;../fake-data/blob/hipster.png;image/png;2022-05-06T06:50:01;Consultant Polarised Computers;false;encoding payment Gibraltar
3;../fake-data/blob/hipster.png;image/png;2022-05-06T00:39:48;Parks interface District;false;Cambridgeshire monitor payment
4;../fake-data/blob/hipster.png;image/png;2022-05-06T00:46:43;Movies;false;web-enabled panel
5;../fake-data/blob/hipster.png;image/png;2022-05-05T19:53:46;Pants;false;sensor Cotton
6;../fake-data/blob/hipster.png;image/png;2022-05-06T02:22:34;California generating;true;architectures XML Latvian
7;../fake-data/blob/hipster.png;image/png;2022-05-05T21:18:11;1080p Uruguay Incredible;true;multi-tasking Virtual
8;../fake-data/blob/hipster.png;image/png;2022-05-06T04:48:08;Aruban;true;scale Dam
9;../fake-data/blob/hipster.png;image/png;2022-05-06T01:10:27;applications;false;interface
10;../fake-data/blob/hipster.png;image/png;2022-05-05T21:59:24;Global;true;Tasty
